{"artisans":[{"id":"a-zahra","name":"زهره کاظمی","city":"میبد","short_bio":"شروع به بافندگی از ۶ سالگی · تازه ازدواج کرده · آرزو: ورود به دانشگاه","full_story":"زَهره از شش‌سالگی کنار مادر و مادربزرگ سرِ دار قالی نشست و اولین گره‌هایش را زد. او از رنگ‌های محلی مانند نیل و پوست گردو استفاده می‌کند و هر فرش برای او یک قصه دارد. زهره امیدوار است با درآمد بافت فرش بتواند به خانواده‌اش کمک کند و روزی برای تحصیل دانشگاهی اقدام کند.","rating":4.9,"images":["https://images.unsplash.com/photo-1542089363-1a3e8bd6f3f7?q=80&w=1200&auto=format&fit=crop"],"samples":[{"id":"p-zahra-1","title":"قالی گلدار ماهان","price_base_direct_usd":1000,"eta_weeks":20,"images":["https://images.unsplash.com/photo-1622636491706-7f8d0f9cd0a8?q=80&w=1200&auto=format&fit=crop"]}]}],"products":[{"id":"prod-1","title":"قالی گلدار ماهان","type":"rug","price_base":1200,"artisan_id":"a-zahra","eta_weeks":20,"images":["https://images.unsplash.com/photo-1622636491706-7f8d0f9cd0a8?q=80&w=1200&auto=format&fit=crop"],"categories":["handmade","custom"]}],"channels":[{"id":"direct","name":"سفارش مستقیم","fee_percent":0},{"id":"cooperative","name":"تعاونی شمس الشمس","fee_percent":15},{"id":"bazargani","name":"بازرگانی اخباراتی","fee_percent":30}]}